[
{"author": "\n狐小乔\n", "content": ["\n\n\n小区门口的菜店开业，只要消费满20元就赠两个西葫和3个鸡蛋。老妈买了两次菜，也排了两回长队，回来累得腰疼，去医院检查，买膏药一共花了600。", "刚才老爸数落老妈:\"贪小便宜吃大亏，快70的人了，为了占这点儿小便宜，值得吗？\"正说着邻居大爷来敲门，问老爸:\"市场西边的便利店促销，消费满50元赠一瓶白酒，都排队呢，你去不去？\"老爸一听立马找外套:\"等会儿我，咱一块儿!\"\n\n", "夲少姓〖劉〗："]},
{"author": "\n夲少姓〖劉〗\n", "content": ["\n\n\n躺在沙发上看电视听见老婆在屋里大声的训斥儿子（给儿子辅导作业），我赶紧起来把家里要洗的衣服啥的放进洗衣机，然后开始拖地擦桌子，等老婆从房间里出来看到我正在往晾衣架上晾衣服那表情别提有多精彩了！哼！小样的，我才不给你跟我吵架的机会呢[臭美]\n\n", "做你的太阳^^："]},
{"author": "\n璃白°\n", "content": ["\n\n\n生物课上，老师唾沫横飞的讲人和动物的区别是直立行走和使用工具。小明同学却在开小差被点名。老师：“人和动物的主要区别是什么？”小明懵圈三秒：“人和动物的主要区别是～人会掉头发，动物不会。”眼睛盯着老师的“地中海”急中生智！老师：“滚出去……”\n\n", "坏小孩cium："]},
{"author": "\n璃白°\n", "content": ["\n\n\n国庆假期，我一个人开车从厦门回重庆老家，打电话给老公，说快到两省交界处，尿急了。老公笑着说:没事，开车到服务区，歇一歇，上个洗手间。我说：可是堵住了啊。老公一惊：堵住？用什么堵住了啊？我这头急了：你特喵想什么啊？我是说车堵住啦，堵车！\n\n", "壹空："]},
{"author": "\n孤心傲月\n", "content": ["\n\n\n丈母娘跟老丈人是同一天生日，老婆让给他们发500块钱。", "这可给我出了个难题，如果一个人发300另一个人200肯定有个人骂我！", "于是我给他们一人发了250 ，这样都一样多肯定没人会骂我。\n\n", "坏小孩cium："]},
{"author": "\n-小门神~\n", "content": ["\n\n\n我在台下，亲眼目睹前女友和别人结婚。", "我不顾一切冲上舞台，婚礼的司仪却阻拦我，问我是谁打算做什么。", "我抢过司仪手中话筒，质问前女友道：你真的愿意嫁给他吗？", "面对我的质问，她沉默了。", "司仪觉得我的质问方式很耳熟，恍然大悟对我说道：同行，你这样抢我饭碗，不太厚道吧？？…………\n\n", "坏小孩cium："]},
{"author": "\n坏小孩cium\n", "content": ["\n\n\n我发现旧衣服可以捐赠以后，就热衷于把旧衣服源源不断的捐赠。。。", "        就在刚才，我和胖哥哭诉：胖了，衣服和裤子穿的扣子都崩掉了，穿不了都捐掉了，现在只有身上唯一的一套勉强可以蔽体。。。。", "        胖哥哭笑不得：今年四月你可是说瘦了，衣服穿的松松垮垮的，穿不了就捐掉了，身上唯一的一套勉强维持我的体面。。。\n\n", "空城旧梦她与伞："]},
{"author": "\n空城旧梦她与伞\n", "content": ["\n\n\n楼上新搬来一个妹子，长得挺漂亮，傍晚常常见她一个人下楼遛狗。", "这天，妹子敲门进来，我妈热情招待。寒暄了一阵，妹子红着脸对我妈说：阿姨，我能带走您家的单身狗吗？", "我妈望了望坐在沙发上的我，喜笑颜开：可以啊，带着吧。", "妹子站起身，朝我走来，伸出双手…………，抱走了我脚下，那只我家刚买半个月的小泰迪。\n\n", "坏小孩cium："]},
{"author": "\n净心居士\n", "content": ["\n\n\n老婆闺蜜十一结婚，我总算可以报仇雪恨了。", "那天还差一个伴娘，新时代了嘛，老婆闺蜜就邀请我老婆去当伴娘，我怎么会放弃这个机会呢。", "于是我穿上了伴娘的裙子，把藏鞋和堵门的任务都揽了下来。", "把当年她闺蜜怎么为难我的都加倍还给她老公。\n\n", "孤心傲月："]},
{"author": "\n聊天不撩妹子\n", "content": ["\n\n\n刚刚发生的，特新鲜。。", "一个人下班不想烧饭，楼下小饭店吃了，等饭菜时。", "临桌是小年轻，女的跟男的说：陪我喝点酒吧？男的说：开车呢不能喝酒。女的听男的说不能喝。发彪道：你不喝我一人喝，反正我喝酒后见谁亲谁。", "女人都是骗子，我都等一个多小时了，她就抱着那男的在啃。。。。。\n\n", "糖醋小新："]},
{"author": "\n夏有凉风秋望月\n", "content": ["\n\n\n男友出差回来被隔离在酒店，连我都看不到一面。", "今天有事出门，临近中午的时候闺蜜给我发来信息问:月月，在哪呢？我请你喝奶茶，是你喜欢的微辣型的口味。", "我在火葬场呢！我不来了。", "谁知道这二货激动的说:月月，他刚感染就这么快走了，你别伤心，我把我哥哥介绍给你。\n\n", "坏小孩cium："]},
{"author": "\n狐地瓜大人\n", "content": ["\n\n\n眼睛不舒服，让老婆帮忙去买瓶眼药水。老婆温柔的说：“你这是用眼过度，疲劳了，用眼药水不好，还是用眼泪润滑一下。”", "说着在我腰间拧了360度，疼的我直咧嘴，眼泪没出来。老婆又说：“亲爱的你放心，我会负责到底。”  说着对我胳膊又是一口，疼的我直咧嘴，眼泪没出来。", "老婆无奈轻叹：你这皮糙肉厚的…算了，我还是给你买眼药水去吧。老婆走到门口换鞋的时，没站稳摔了，而我不小心笑出了声…", "老婆坐起来，撸起袖子走向我说：“我再试试，就不信打不哭你！！”\n\n", "穿着拖孩逛该："]},
{"author": "\n璃白°\n", "content": ["\n\n\n高中时，食堂的伙食不咋地，汤还行。但是在一次喝完一碗紫菜蛋花汤、准备去桶里续一碗时，汤没了！食堂啊姨挺热心，让我等会儿，她去加。只见阿姨将桶拖到一口大锅边，操起乡下舀粪的那种长柄大瓢，一瓢一瓢的舀了半桶……你们能想象到我当时看着紫菜蛋花汤的心情吗？………\n\n", "坏小孩cium："]},
{"author": "\n夏有凉风秋望月\n", "content": ["\n\n\n那天单位派我出差外地，而出差地竟然网恋小哥哥的地方！想着终于可以和小哥哥见面，最讨厌出差的我，按捺住心中的喜悦，竟然愉快的答应了！", "到了酒店，帮我拿行李的居然是个特别特别帅的小鲜肉，我假装不经意的瞟了一眼，又一眼，一不小心，撞到门上，撞了一个乌眼青……", "看来是没有办法见小哥哥了，我只好编个不能见面的理由​，过了一会儿回我：我给你讲一个搞笑的事情，一个胖子偷看我，撞门上了，脸都青了一大块！\n\n", "忧郁的创可贴："]},
{"author": "\n坏小孩cium\n", "content": ["\n\n\n周末心情不好在闺蜜家呆了一晚上，早上迷迷糊糊准备去车站买票回家。", "      遇到两位夫妻，颤颤微微的过来和我说：姑娘啊，我俩刚来这里，钱包丢了，钱也没了，你给点钱让我俩吃点东西吧。", "      我说好啊，这行善积德的事儿我得干啊！从小我妈就教我助人为快乐之本，我拉着俩夫妻就进了一家饭店，俩夫妻说啥也不吃，就说贵，随便给几块钱买包子就好。", "要是搁一般小姑娘肯定就给了，我没有，讲话儿了，这是瞧不起谁呢？我怕花钱啊？！我五大三粗的硬拉着俩夫妻坐好，仨人点了六个菜，还有三件儿啤酒，不醉不归。。。\n\n", "忧郁的创可贴："]},
{"author": "\n小恩的老公8\n", "content": ["\n\n\n清晰记得一年前，那晚我一个人孤伶伶的开着陪伴我多年的捷达车去揭西，路是山路，没有路灯！当时居然会紧张焦虑不安，心里特别没安全感，生怕老车抛锚！又怕那些拦路抢劫的……", "刚刚我又是一个人去揭西，现在不一样了，我开着刚买的新车，完全没之前那种感觉了，看来时间真的可以治愈一切！愿往后余生，……", "车突然不动了！卧槽！没油了！……\n\n", "忧郁的创可贴："]},
{"author": "\n骑着二哈啃黄瓜\n", "content": ["\n\n\n和闺蜜吵架了，冷战中。。。", "有快递送货上门，帅小伙问我闺蜜：***（我）快递签收！闺蜜打开门生气的的说：她死了！“嘭”的一声，关门。", "一直没收到快递，我就问客服:我的快递物流怎么退回去了？", "客服小MM很惊悚失声：你是人是鬼？退货原因写着:收件人已离世。。。\n\n", "狸土豆大人："]},
{"author": "\n夏有凉风秋望月\n", "content": ["\n\n\n给闺蜜介绍男朋友，也就是我男同事，为了避免相亲介绍的尬，创造邂逅的局面，就和男同事约个饭局，他爽快的答应，然后让我闺蜜恰巧来这里吃饭，我遇到叫她一起叫来组桌吃饭的样子。", "闺蜜刚入座，男同事发现了有个他以前公司的男同事，也来这里吃饭正打招呼让过来一起吃呢,额，这，迷茫了。。。\n\n", "夏雨霏霏："]},
{"author": "\n晴天629\n", "content": ["\n\n\n我的传奇考驾照经历，记录一下，科一一把过，科二第一次考，忘系安全带和带挡起车，挂啦。第二次下大雪，啥都看不见，挂啦。第三次，没有检查座椅，不知道被谁塞了个坐垫，又挂啦。第四次，刚出库[笑哭][笑哭][笑哭]下雨啦，顶着雨考，终于过啦[笑哭][笑哭]，科三，第一天教练说挺好的，明天去考试场地练，我说行，第二天，告诉我，行，你报考吧，[惊呆了][惊呆了][惊呆了]然后就报了，练了两天又说，哎…有点后悔让你报早啦，我说没事我去取消，他说取消不了，今天考试，做好了补考的准备，结果过啦[\n…\n", "查看全文"]},
{"author": "\n歌歌哒f\n", "content": ["\n\n\n屋里进了只老鼠，试了好些法子都没抓住，", "于是每天坚持让儿子睡个午觉，越久越好……", "晚上看着儿子精神抖擞的样子我就知道老鼠不会出来咬东西了……\n\n", "空城旧梦她与伞："]},
{"author": "\n卖火柴的小妮子\n", "content": ["\n\n\n公司新招一个帅哥，最近问我：我们副总是不是有其他癖好和兼职？", "我好奇的问他：怎么了？", "他很难为情的解释：他问我目垂后多少钱，可他是男的呀！", "我心里咯噔一下，还有这事。。。", "怒气冲冲冲冲进办公室找副总，副总很惊愕：人是你招的，薪酬是你定的，我只是顺便问他工资税后多少钱都不可以么？你什么时候那么豪横了。。。\n\n", "忧郁的创可贴："]},
{"author": "\n狐小乔\n", "content": ["\n\n\n单位楼下有个肉饼店，收银的女孩长得美，我们都叫她\"肉饼西施\"。同事小马还没对象，常去店里，只要女孩在，就买一斤肉饼打包。", "昨天小马回来，拎了五斤肉饼，嚷着给大家分了当晚餐。我问:\"今天西施又在店里？\"小马羞涩一笑:\"没有，今天收银的是个大妈!\"", "我纳闷儿:\"那你为啥买这么多？\"小马激动地说:\"因为大妈给了我一条很有价值的信息啊，那女孩是她的侄女，现在还没有男朋友!\"\n\n", "坏小孩cium："]},
{"author": "\n狐小乔\n", "content": ["\n\n\n财务新来个女孩，挺清秀的。同事小马说:\"姐，能帮我搭个线吗？\"我说:\"人家才来几天，我也不熟，我瞅她和技术部的小苏好像认识，要不你求小苏帮个忙吧!\"", "今天我问小马:\"找小苏了吗？\"小马叹口气说:\"找了，昨天就找了，小苏让我请他吃顿海鲜，我答应了，花680请他吃完海鲜，他才告诉我，新来那女孩是他女朋友，是他介绍来咱单位的!\"\n\n", "空城旧梦她与伞："]},
{"author": "\n狐小乔\n", "content": ["\n\n\n妇产科。", "一个孕妇从怀孕就一直在我这做检查。", "一个月又一个月过去了，眼看着她从90几斤，变成了现在的130多斤。", "我：“体重长得太多了，你得控制控制了。”", "她：“医生，我也想控制啊，可是我饿啊！一饿我这心里就突突，可难受了。”", "这时候她老公在旁边接了一句：“医生，她天天吵着饿，每天不停地吃吃吃，我说她，她也不听，你看看，这都从黄瓜胖成个西瓜了！你替我管管她！”", "我刚想说话，孕妇回头就给了他老公一句：“你给我闭嘴！你一个把食物变成屎的人，有什么资格嘲笑我这个把食物变成生命的人！！！”\n…\n", "查看全文", "秀逗人在天涯："]},
{"author": "\n-小门神~\n", "content": ["\n\n\n我在外面，老爸发消息让我带两斤“蒲桃”，我买回家两斤“葡萄”！", "我还以为他打错字了，老爸训斥道：葡萄和蒲桃是两种不同水果！", "第二天老爸又打电话让我带苹果，我来到昨天那家店，老板娘热情接待。", "她笑道：我们这里的苹果来自世界各地……", "我怕老爸说的苹果不是苹果，万一是平果，萍果，瓶果呢？", "于是我认真地对老板娘说：你这里是不是就一种苹果？", "老板娘脸色变了，她悄悄从兜里掏出两百块钱递给我，说道：", "确实就一种，\n…\n", "查看全文", "叶vVv枫："]},
{"author": "\n-小门神~\n", "content": ["\n\n\n老爸打算翻新后院的老墙，他拉了一车砖，一块块在墙角下垒好。", "我当时在码字，隔着窗户看他在忙碌着。我高喊道：爸你歇歇，等下我来。", "老爸说他吃得消，可没过多久他来到我房间，气喘吁吁道：还是你去垒吧？", "我笑着问：是不是吃不消啊？", "他摇摇头，说道：那墙太老了，我在下面垒砖，总怕墙塌下来砸到我……\n\n", "空城旧梦她与伞："]},
{"author": "\n吃了两碗又盛\n", "content": ["\n\n\n跟媳妇分享经验:儿子说作业要写完了，你以为需要十分钟，其实有可能是两小时，所以你不能信他的。", "媳妇听了呵呵一笑:这么说他与你相反咯\n\n", "坏小孩cium："]},
{"author": "\n虚设良辰\n", "content": ["\n\n\n买了个一百多的羽毛球拍，回家告诉老公说是700多，这货马上抢去装他包里，把原先400多的塞给我，而且，觉得新拍子特好打，特称手，喜欢得不得了……\n\n", "大。白："]},
{"author": "\n孤心傲月\n", "content": ["\n\n\n那年懵懂无知听说把两个人的名字刻在三生石上就能成就一段美好的姻缘。", "于是自己做了块“三生石”把暗恋以久的班花和自己的名字都刻在了上面，并且偷偷的埋在她家后院。", "两年前她谈了个对象回家翻修房子准备结婚，还请她对象过来帮忙，最后俩人居然把我那“三生石”给挖出来了！", "听说她们的婚事当天就黄了！\n\n", "坏小孩cium："]},
{"author": "\n孤心傲月\n", "content": ["\n\n\n楼下大爷的三轮车胎扎了，我帮忙修理。", "我问大爷：有没有备胎？", "大爷：备胎是你们年轻人的玩意！我这老头子真没有！", "我………………这老头不得了啊！\n\n", "坏小孩cium："]},
{"author": "\n徘徊的老鹰\n", "content": ["\n\n\n正写点东西，老婆和她四个姐 .姐老跑来果园偷金.币，打乱思绪，一生气把她们都删了。", "冷静的想了想，把老婆又加了回来。", "一会就听女儿问：老妈你怎么不去偷老爸的金.币啊？", "老婆低声说：不偷了，你爸是个狠人。\n\n", "空城旧梦她与伞："]},
{"author": "\n坏小孩cium\n", "content": ["\n\n\n和男闺蜜认识多年，他一直留着一头飘逸的长发，挺仙风道骨的，偶尔还社交网站发自拍。", "         最近他接到某个知名广告公司​邀约，说他形象气质符合他们的一个案子，问有没有兴趣谈一谈。", "          他寻思着，这么大一个合作机会，必须隆重对待才行，就剪了个西装头，配上西装，仪表堂堂，气宇轩昂。", "          他到他们公司，​负责对接的经理一看:你怎么把你飘逸的头发剪了，我们看重的就是你头发，那不用谈了。。。\n\n", "忧郁的创可贴："]},
{"author": "\n狐小乔\n", "content": ["\n\n\n刚刚微信收到一个好友申请：我是你前男友。", "我心想这是谁要搞死我啊，大半夜申请我加好友，此时此刻结婚的女人谁不是和老公睡一张床啊。", "我悄悄关掉手机，准备冷处理。", "然而老公拿起了我的手机“你前男友加你，我帮你通过吧”，说完还一脸贱兮兮地看着我。", "突然老公手机有信息进来，我手欠想看。", "夺过手机一看，怎么我和老公是新添加的好友……", "换个新微信号了不起的人此时正在沙发上睡呢！\n\n", "骑着二哈啃黄瓜："]},
{"author": "\n鱼小鱼喵喵喵\n", "content": ["\n\n\n我有个朋友，心思敏感，做什么事都害怕会伤害到人家。", "这天我看到她一个人蹲在我们小区门口，看着车来车往，满脸的不开心的样子。", "我见状，急忙放下手中的菜和肉，快步走到她身边。", "我问她，怎么了？遇到什么难处了吗？", "她嗫嚅着没有开口，只是一个劲地唉声叹气。", "我说她，以后做事不要这么犹豫，心里有什么就说什么！要是总这么憋着藏着，迟早会憋出病的！", "她听了我的话后，似乎很受用。", "沉默好一会儿之后，她终于勇敢地抬头看向我，“鱼，我半年前借你的两千块钱，你什么时候还我？我好长时间，没……吃到肉了！”\n\n", "坏小孩cium："]},
{"author": "\n夏有凉风秋望月\n", "content": ["\n\n\n嫂子结婚比较早，刚适婚年龄，就嫁给我哥，现在侄儿都快五岁了。", "闲聊，嫂子抬头问我哥：我总感觉你当年趁着我不识世界就给你诓进你家，感觉亏大了，好多吃的喝的玩的都没玩过，就做了妈妈，廉价了。", "哥哥正在做文件，也不知道听清楚嫂子说啥没,回了一句：当时我想总得追个死去活来，才能把你娶过来，没想到你是性格耿直豪迈非凡的人，我都没下饵料，你就跳出水面往我鱼筐里装，我寻思着，这就是缘分啊。。。", "那天，画面有点碎屏。。。。\n\n", "舒婉婉婉婉婉婉："]},
{"author": "\n徘徊的老鹰\n", "content": ["\n\n\n又到周末，老婆突然问我：我爸妈是不是说什么话得罪你了，感觉每次和你去他们家，你都是不情不愿的。", "我想了想：那到没有，只是不喜欢他们家浅色系的装修风格，特别是地板，有一点点灰都能看得到，拖好久都拖不干净！\n\n", "空城旧梦她与伞："]},
{"author": "\n薄之凉\n", "content": ["\n\n\n公司为了鼓励员工中秋节加班，发了300元月饼钱，这正是积攒私房钱的时候，我便藏了250元，只上交老婆50元。", "为了让老婆相信，我特意发了朋友圈，晒中秋节月饼钱。", "这条朋友圈赢得了所有男同事的点赞、转发，他们纷纷效仿，统一口径，都说公司中秋节发50元月饼钱。", "只有老板例外，他愤怒地说：薄凉，你是250吗？中秋节我每人发了300，你带头说成50，害得我老婆审了我一晚上，问我告诉账上3万块哪里去了？给哪个女人了……", "老板最后说他的膝盖已经站不直了！\n\n", "糗友voTfWO："]},
{"author": "\n忧郁的创可贴\n", "content": ["\n\n\n开学了，自告奋勇要送小侄女去上学，我妈狐疑的说 : 根本不顺路，你殷勤个啥?", "小侄女赶紧附和道：奶奶，还是你送我吧，姑姑肯定是馋我们学校门口的小笼包了，要不就是看上卖小笼包的大哥哥了。上学期好几次买完小笼包还在那跟大哥哥聊天，害我差点迟到，关键那大哥哥都没怎么理她。。。\n\n", "叶vVv枫："]},
{"author": "\n扛着钉耙闯天下\n", "content": ["\n\n\n小时候看医疗剧，医生们个个把白大褂穿得像高级定制修身风衣，英俊之气旁漏侧出。后来，我也有了白大褂。。。才发现。。。短袖的穿上像卖卤肉的，长袖的穿上像卖馒头的，扣着扣子像面粉厂的，敞着穿像精神病院跑出来的。。。\n\n", "死去的帅哥："]},
{"author": "\n夏有凉风秋望月\n", "content": ["\n\n\n发小刚买金毛那会儿去发小家，和发小拥抱并小 亲 亲，然后才把带的礼物给了我发小。", "金毛巴巴的望着我手提包，又望了我一眼，似乎下定决心一样，直立起来也要和我拥抱，那舌头。。。\n\n", "忧郁的创可贴："]},
{"author": "\n糗糗queen\n", "content": ["\n\n\n侄子读幼儿园了，前天第一天开学，在学校门口死活不肯让他爸妈走，以为是爸妈不要他了，哭喊着说，爸爸妈妈你们别丢下我！我再不吃零食了！以后我会报复你们的～\n\n", "狐小乔："]},
{"author": "\n璃白°\n", "content": ["\n\n\n公司的品质经理，被举 报 信说是收供应商 馈 赠，在来料品质管理上说是有所松懈，但是没 证 据。。。", "多为多年的死对头，我怎么也得帮帮他，买点散装月饼和普通包装盒，组装好后后趁着月黑风高放了五盒到他办公室门口。。。\n\n", "轻轻羽："]},
{"author": "\n坏小孩cium\n", "content": ["\n\n\n继上次买电动轮椅被老公打消念头之后。我便萌生了学习艺术的念头。", "我说我想学伦巴，老公脑袋摇得像拨浪鼓一样，说学那个容易闪腰，屁股后边挂个鸡崽子能抡死。", "好吧，于是我在网上买了个唢呐，到了那天老公兴冲冲的拆开快递，一看之下大惊失色，匆匆忙忙跑出去，鞋跑丢了也顾不上，出门就开始大喊：跟前儿的老少爷们注意了，家有老人的看好了，我家婆娘要学唢呐了！\n\n", "狐小乔："]},
{"author": "\n忧郁的创可贴\n", "content": ["\n\n\n现在不是流行N减一点菜模式吗？就是说，五个人点四个菜，四个人点三个菜。这样能尽量减少浪费。", "昨天约了两个闺蜜一起吃饭，我说，咱们三个人，点俩菜吧，不是流行N减一么。", "结果她俩把筷子一甩：就你那大体格子，自己都能吃俩菜，不想请客就直说！\n\n", "叶vVv枫："]},
{"author": "\n捉女妖的天师\n", "content": ["\n\n\n我这人心善，看不得别人跳河、淋雨", "就怕他把手机给泡坏了，每次都想替他们保管着\n\n", "空城旧梦她与伞："]},
{"author": "\n吃了两碗又盛\n", "content": ["\n\n\n儿子表演节目租了一套礼服，租金一天一百！", "而与他搭档的女同学在网上买了一条白纱裙才花了168！穿了一天还退回去了！\n\n", "不良少妇："]},
{"author": "\n￡白玉汤\n", "content": ["\n\n\n老婆怀孕三个月，一天肚子不舒服，带她去医院检查。", "医生问：“最近有没有同房？”", "我马上回答说没有。", "医生说：“别打岔，不是问你，是问你媳妇。”", "尼妹，这几个意思？？？！！！\n\n", "我本将心向日朋："]},
{"author": "\n爱新觉罗·黄瓜\n", "content": ["\n\n\n商量带孩子去动物园玩，大闺女属牛，说去看牛，儿子属猴，说去看猴子，二闺女哇就哭了，说动物园没有龙。\n\n", "坏小孩cium："]},
{"author": "\n忧郁的创可贴\n", "content": ["\n\n\n创作一定要保持大脑刺激（开窍），才能写出不同的灵魂之光。", "男票很赞同，为了让我写出好贴，给我带回来了：锥子，锤子，还有龙息辣椒。。。\n\n", "坏小孩cium："]},
{"author": "\n歌歌哒f\n", "content": ["\n\n\n和媳妇吵了一架，晚饭时没喊我也没给我拿碗筷，我只好自己默默的去厨房拿，", "可一不小心弄掉了几个盘子，没想到那虎娘们听见盘子摔碎的声音后站起来抱起电饭锅就扔了出去，还吼道：我看你还有多大的脾气……", "唉何苦糟蹋粮食嘞，不吃给我啊，我一天没吃东西了……\n\n", "空城旧梦她与伞："]}
]